{
  "w_Property": 0.75,
  "w_Structure": 0.25,
  "w_Scaffold": 0.4,
  "scaffold_smiles": [
    "C1:C:C:C:C:C:1",
    "C1:C:C:N:C:C:1",
    "C1:C:C:C(OC2:C:C:C:C:C:2):C:C:1",
    "C1:N:C:N:C:N:1",
    "O=C(OCC1:C:C:C:C(OC2:C:C:C:C:C:2):C:1)C1CC1",
    "C1:C:C:C2:C:C:C:C:C:2:C:1",
    "C1:N:C:N:N:1",
    "O=C1C=CCCC1",
    "C1:C:N:C:N:C:1",
    "C1:C:C:S:C:1",
    "C1:C:C:C(CCN2:C:N:C:N:2):C:C:1",
    "O=C(NC1:N:C:N:C:N:1)NS(=O)(=O)C1:C:C:C:C:C:1",
    "C1:C:C:C(NCN2:C:C:C:N:2):C:C:1",
    "C1:C:C:C2:S:C:N:C:2:C:1",
    "C1:C:C:C(CC2:C:C:C:C:C:2):C:C:1",
    "O=C1NC(=O)C2:C:C:C:C:C:21",
    "O=C1:C:C:C:C:N:1",
    "C1:C:C:C(OC2:C:C:C:C:N:2):C:C:1",
    "O=C1:N:C:N:N:1C1:C:C:C:C:C:1",
    "C1:C:C:C2:N:C:N:C:2:C:1",
    "C1:C:C:C(N2:C:C:C:N:2):C:C:1",
    "C1:C:N:N:C:1",
    "O=C1:N:C:N:C:N:1",
    "O=C(OCC1:C:C:C:C:C:1)C1CC1",
    "O=C1:C:C:N:C:N:1",
    "O=C1CNC(=O)N1",
    "C1:C:C:C(C2:C:C:C:C:C:2):C:C:1",
    "O=C(NC1:N:C:C:C:N:1)NS(=O)(=O)C1:C:C:C:C:C:1",
    "C1:C:S:C:N:1",
    "O=C1O[C@H]2C[C@@H](C/C=C/[C@@H](O[C@H]3CC[C@@H](O[C@H]4CCCCO4)CO3)C/C=C/C=C3\\CO[C@@H]4CC=C[C@@H]1C34)O[C@@]1(C=CCCO1)C2",
    "C1:C:C:C2:C(:C:1)CCO2",
    "O=C1NS(=O)(=O)NC2:C:C:C:C:C:21",
    "O=C(NC1:C:C:C:C:C:1)C1:C:C:C:C:C:1",
    "C1:C:C:C(OC2:C:N:C3:C:C:C:C:C:3:N:2):C:C:1",
    "O=C1CN=C(C2:C:C:C:C:N:2)N1",
    "O=C(OCC1:C:C:C:C(C2:C:C:C:C:C:2):C:1)C1CC1",
    "C1CCC2(CC1)OCCO2",
    "C1:C:C:C(COC2:C:C:C:C:C:2):C:C:1",
    "O=C(NNC(=O)C1:C:C:C:C:C:1)C1:C:C:C:C:C:1"
  ],
  "scaffold_weights": [
    0.95269167546647,
    0.9833332827736136,
    0.9777777107456836,
    0.9999999143055629,
    0.9999999143055629,
    0.9599998815360147,
    0.9999998530952596,
    0.9999998530952596,
    0.9999998286111405,
    0.9090907816115881,
    0.9999998185294446,
    0.9999998185294446,
    0.9999998071875371,
    0.9999997796429057,
    0.9333331413778172,
    0.9999997626923639,
    0.9999997626923639,
    0.9333331413778172,
    0.9999997626923639,
    0.9285712239541266,
    0.9999997429167328,
    0.9999997429167328,
    0.9999997429167328,
    0.9230767040237207,
    0.9999997195455332,
    0.9999996915000952,
    0.9166664310070051,
    0.9999996915000952,
    0.9999996915000952,
    0.9999996915000952,
    0.9999996572223397,
    0.9999996143751487,
    0.6428570720280691,
    0.9999996143751487,
    0.9999996143751487,
    0.9999996143751487,
    0.9999996143751487,
    0.8999997223500856,
    0.9999996143751487
  ],
  "residue_smarts": [
    "*Cl",
    "*O",
    "*C(=O)O",
    "*N",
    "*[N&+](=O)[O&-]",
    "*C#N",
    "[#11&+]",
    "*C(F)(F)F",
    "*[O&-]",
    "[12*]C",
    "[10*]OC",
    "[11*]O",
    "[10*]O"
  ],
  "residue_weights": [
    0.7406519643888249,
    0.7381852530460288,
    0.9433198262747301,
    0.9037433005986734,
    0.9735099138855757,
    0.9926470363064992,
    0.9999999468103477,
    0.570024565703868,
    0.9555554900469181,
    0.9999999188157961,
    0.9999999188157961,
    0.9999999035937593,
    0.9999999035937593
  ],
  "hist_models": {
    "bins": {
      "mw": [
        17.031,
        115.8553,
        214.67960000000002,
        313.50390000000004,
        412.32820000000004,
        511.15250000000003,
        609.9768,
        708.8011,
        807.6254,
        906.4497,
        1005.274,
        1104.0983,
        1202.9226,
        1301.7469,
        1400.5712,
        1499.3955,
        1598.2198,
        1697.0441,
        1795.8684,
        1894.6927,
        1993.517,
        2092.3413,
        2191.1656000000003,
        2289.9899,
        2388.8142000000003,
        2487.6385,
        2586.4628000000002,
        2685.2871,
        2784.1114000000002,
        2882.9357,
        2981.76
      ],
      "xlogp": [
        -22.735,
        -21.37393,
        -20.01286,
        -18.651790000000002,
        -17.290720000000004,
        -15.929650000000004,
        -14.568580000000004,
        -13.207510000000006,
        -11.846440000000007,
        -10.485370000000007,
        -9.124300000000009,
        -7.763230000000009,
        -6.402160000000009,
        -5.041090000000011,
        -3.680020000000013,
        -2.3189500000000116,
        -0.9578800000000136,
        0.4031899999999844,
        1.764259999999986,
        3.125329999999984,
        4.486399999999982,
        5.8474699999999835,
        7.2085399999999815,
        8.56960999999998,
        9.930679999999981,
        11.291749999999979,
        12.652819999999977,
        14.013889999999975,
        15.374959999999973,
        16.736029999999978,
        18.097099999999976
      ],
      "rotbonds": [
        0.0,
        1.6666666666666667,
        3.3333333333333335,
        5.0,
        6.666666666666667,
        8.333333333333334,
        10.0,
        11.666666666666668,
        13.333333333333334,
        15.0,
        16.666666666666668,
        18.333333333333336,
        20.0,
        21.666666666666668,
        23.333333333333336,
        25.0,
        26.666666666666668,
        28.333333333333336,
        30.0,
        31.666666666666668,
        33.333333333333336,
        35.0,
        36.66666666666667,
        38.333333333333336,
        40.0,
        41.66666666666667,
        43.333333333333336,
        45.0,
        46.66666666666667,
        48.333333333333336,
        50.0
      ],
      "aromatic_rings": [
        0.0,
        0.26666666666666666,
        0.5333333333333333,
        0.8,
        1.0666666666666667,
        1.3333333333333333,
        1.6,
        1.8666666666666667,
        2.1333333333333333,
        2.4,
        2.6666666666666665,
        2.933333333333333,
        3.2,
        3.466666666666667,
        3.7333333333333334,
        4.0,
        4.266666666666667,
        4.533333333333333,
        4.8,
        5.066666666666666,
        5.333333333333333,
        5.6,
        5.866666666666666,
        6.133333333333333,
        6.4,
        6.666666666666667,
        6.933333333333334,
        7.2,
        7.466666666666667,
        7.733333333333333,
        8.0
      ]
    },
    "pos": {
      "mw": [
        0.0005215286955313853,
        0.0022107568603028523,
        0.0033423757279652916,
        0.002604363422968049,
        0.000875774601930062,
        0.0001705628438215851,
        6.888114846640937e-05,
        8.200136722191592e-05,
        0.00016728278913270844,
        9.84016406662991e-06,
        1.6400273444383163e-05,
        0.0,
        3.280054688876637e-06,
        0.0,
        2.6240437511013095e-05,
        6.560109377753274e-06,
        0.0,
        6.560109377753274e-06,
        0.0,
        0.0,
        0.0,
        0.0,
        0.0,
        0.0,
        0.0,
        0.0,
        3.280054688876644e-06,
        0.0,
        0.0,
        3.280054688876629e-06
      ],
      "xlogp": [
        0.00023815755882500669,
        0.0007144726764750181,
        0.00023815755882500669,
        0.0019052604706000535,
        0.0,
        0.00023815755882500636,
        0.0007144726764750201,
        0.00023815755882500636,
        0.00023815755882500636,
        0.0009526302353000267,
        0.0028578907059000768,
        0.0028578907059000768,
        0.004763151176500134,
        0.007621041882400214,
        0.010240775029475261,
        0.032151270441375904,
        0.07763936417695218,
        0.14432348064795367,
        0.179094484236405,
        0.15408794055977934,
        0.07621041882400194,
        0.02786443438252578,
        0.005239466294150148,
        0.0016671029117750426,
        0.001667102911775047,
        0.00023815755882500669,
        0.0,
        0.0,
        0.0,
        0.0007144726764750201
      ],